TimeIndex,ForecastedRevenue
7,5199874.305714286
8,5063469.845000001
9,4927065.3842857145
